               epoch,      train/box_loss,      train/obj_loss,      train/cls_loss,   metrics/precision,      metrics/recall,     metrics/mAP_0.5,metrics/mAP_0.5:0.95,        val/box_loss,        val/obj_loss,        val/cls_loss,               x/lr0,               x/lr1,               x/lr2
                   0,            0.098174,            0.042711,            0.044492,           0.0069708,             0.72382,             0.03649,            0.011724,             0.07711,            0.031641,            0.038744,              0.0865,              0.0015,              0.0015
                   1,             0.07821,            0.044364,            0.038599,           0.0070905,             0.80944,             0.24893,             0.11406,             0.06239,            0.031913,            0.033644,             0.07209,           0.0030898,           0.0030898
                   2,            0.072808,             0.04395,            0.029824,             0.48923,             0.36225,             0.15315,            0.062763,            0.060108,            0.030574,            0.024499,            0.057669,            0.004669,            0.004669
                   3,            0.071162,            0.041423,            0.024654,             0.45371,              0.3243,             0.11862,            0.044457,            0.061327,             0.02697,            0.020932,            0.043238,           0.0062376,           0.0062376
                   4,            0.069875,            0.039095,            0.023235,             0.58443,             0.45397,             0.28368,              0.1232,            0.072284,            0.024902,            0.018702,            0.028796,           0.0077957,           0.0077957
                   5,            0.066446,            0.037498,            0.021803,             0.55737,             0.46249,             0.29022,             0.11562,            0.055358,            0.023359,            0.017466,            0.014343,           0.0093433,           0.0093433
                   6,            0.067546,            0.033599,            0.020088,             0.62728,             0.45609,              0.3937,             0.22789,            0.054547,            0.021569,            0.016503,            0.009802,            0.009802,            0.009802
                   7,             0.06451,            0.036595,            0.019932,               0.722,             0.54003,             0.45035,             0.21005,            0.063524,            0.019578,            0.016077,            0.009802,            0.009802,            0.009802
                   8,            0.062188,            0.033816,            0.018758,              0.5227,             0.54709,             0.47172,             0.22194,             0.04878,            0.019782,            0.016195,            0.009769,            0.009769,            0.009769
                   9,            0.058694,            0.035442,            0.017014,             0.65286,             0.69897,              0.5649,             0.30408,            0.046058,            0.019427,            0.014394,            0.009736,            0.009736,            0.009736
                  10,            0.057814,            0.033488,            0.016616,             0.63491,             0.53509,             0.41783,             0.19102,            0.053374,            0.016895,             0.01302,            0.009703,            0.009703,            0.009703
                  11,            0.055121,            0.029534,            0.016222,             0.64645,             0.73691,             0.65714,             0.29654,            0.049551,            0.016088,            0.012814,             0.00967,             0.00967,             0.00967
                  12,            0.054983,            0.031396,            0.015388,              0.5786,             0.73112,             0.62763,             0.30406,            0.046955,            0.016274,            0.011679,            0.009637,            0.009637,            0.009637
                  13,            0.052045,            0.028995,            0.015333,             0.49123,             0.68567,             0.58734,             0.29889,            0.049781,            0.017067,            0.010559,            0.009604,            0.009604,            0.009604
                  14,            0.048022,            0.030907,            0.014144,             0.87585,             0.76161,             0.79874,             0.39617,            0.043699,            0.015051,            0.010177,            0.009571,            0.009571,            0.009571
                  15,             0.04679,            0.030085,            0.014756,             0.73321,             0.79141,             0.78447,             0.44719,            0.040823,            0.016615,           0.0090939,            0.009538,            0.009538,            0.009538
                  16,            0.047691,            0.029475,            0.013007,             0.65277,             0.87201,             0.81028,             0.52516,            0.039002,            0.015806,           0.0078853,            0.009505,            0.009505,            0.009505
                  17,            0.047497,            0.028538,            0.012155,             0.71886,              0.8176,             0.80718,             0.53948,            0.043145,            0.015034,           0.0076782,            0.009472,            0.009472,            0.009472
                  18,            0.047744,            0.028496,            0.011692,             0.86994,             0.80171,             0.86552,             0.49624,            0.038051,            0.013367,           0.0072509,            0.009439,            0.009439,            0.009439
                  19,            0.046561,            0.026555,            0.012049,              0.8637,             0.80397,             0.88132,             0.52656,            0.035664,            0.013684,           0.0086266,            0.009406,            0.009406,            0.009406
                  20,            0.044967,            0.026506,            0.010937,             0.89552,             0.76982,             0.82373,             0.49585,            0.038106,            0.013697,           0.0069723,            0.009373,            0.009373,            0.009373
                  21,            0.043037,            0.026229,            0.010551,             0.84386,             0.81891,             0.87638,             0.54463,            0.034195,             0.01315,           0.0070409,             0.00934,             0.00934,             0.00934
                  22,            0.041978,            0.026633,             0.01069,             0.69466,              0.8691,              0.8782,             0.57052,            0.036693,            0.013665,           0.0071266,            0.009307,            0.009307,            0.009307
                  23,            0.042788,            0.026946,            0.011205,             0.88863,             0.73112,             0.89838,             0.61288,            0.031116,            0.014025,           0.0074876,            0.009274,            0.009274,            0.009274
                  24,            0.043513,              0.0261,            0.011342,             0.79474,             0.82884,             0.88898,             0.61602,             0.03259,             0.01387,           0.0074312,            0.009241,            0.009241,            0.009241
                  25,            0.041802,            0.025072,           0.0087119,             0.89109,             0.87854,             0.90591,             0.61524,            0.033079,            0.013771,           0.0064812,            0.009208,            0.009208,            0.009208
                  26,            0.041319,            0.025575,            0.010114,             0.83304,             0.91331,             0.93167,             0.65525,            0.032671,            0.012119,           0.0062024,            0.009175,            0.009175,            0.009175
                  27,            0.038951,            0.024974,            0.010585,             0.92537,             0.88655,             0.93537,             0.65117,            0.031175,            0.011133,           0.0067952,            0.009142,            0.009142,            0.009142
                  28,            0.039382,            0.024268,           0.0099755,               0.771,             0.95339,             0.89228,             0.65438,            0.026142,            0.011389,           0.0066817,            0.009109,            0.009109,            0.009109
                  29,            0.038706,            0.025174,           0.0098077,             0.78199,             0.91163,             0.90338,             0.66046,            0.030453,            0.011979,           0.0062034,            0.009076,            0.009076,            0.009076
                  30,             0.03831,            0.025487,           0.0090976,              0.8288,             0.96225,             0.92488,             0.68536,            0.028107,            0.011404,           0.0067356,            0.009043,            0.009043,            0.009043
                  31,            0.037918,             0.02455,           0.0089878,              0.7964,             0.94226,             0.92242,             0.68336,            0.025612,            0.010628,            0.006027,             0.00901,             0.00901,             0.00901
                  32,            0.039204,            0.023135,           0.0088115,             0.78119,             0.87539,             0.90019,             0.66483,            0.029298,            0.011698,           0.0063437,            0.008977,            0.008977,            0.008977
                  33,            0.036477,            0.023641,            0.010291,             0.77318,             0.94679,             0.92887,             0.69599,            0.029772,            0.010957,           0.0060875,            0.008944,            0.008944,            0.008944
                  34,            0.036657,            0.023951,           0.0089047,             0.83275,             0.88889,             0.90016,             0.66329,            0.026092,            0.011713,           0.0075635,            0.008911,            0.008911,            0.008911
                  35,            0.036862,            0.023477,           0.0094667,             0.79871,             0.98223,             0.93168,              0.6975,            0.024312,              0.0111,           0.0058284,            0.008878,            0.008878,            0.008878
                  36,            0.036257,            0.022798,            0.009427,             0.82777,             0.98197,             0.93066,             0.71194,            0.027831,            0.010152,           0.0057201,            0.008845,            0.008845,            0.008845
                  37,            0.037491,            0.023588,           0.0083224,             0.83481,             0.98619,             0.94349,             0.73465,            0.026466,             0.01074,           0.0076102,            0.008812,            0.008812,            0.008812
                  38,            0.035574,            0.023011,           0.0093917,             0.87809,             0.96302,             0.96067,             0.75163,            0.028983,             0.01128,           0.0070862,            0.008779,            0.008779,            0.008779
                  39,            0.034069,            0.021375,           0.0087679,             0.85985,             0.96998,             0.94672,             0.74041,            0.025883,           0.0093922,           0.0061274,            0.008746,            0.008746,            0.008746
                  40,            0.033872,            0.021566,            0.009039,             0.81877,             0.98353,             0.96368,              0.7364,            0.025363,           0.0098189,           0.0059525,            0.008713,            0.008713,            0.008713
                  41,            0.035239,            0.020881,           0.0097544,             0.84497,             0.96808,             0.96849,             0.74362,            0.027411,            0.009552,           0.0060075,             0.00868,             0.00868,             0.00868
                  42,            0.034027,            0.021053,           0.0092037,             0.87362,             0.97192,             0.97594,             0.74023,            0.023787,           0.0091445,           0.0057495,            0.008647,            0.008647,            0.008647
                  43,            0.034687,            0.021538,           0.0090626,                0.84,             0.93759,             0.95325,             0.73097,            0.023987,            0.010283,           0.0055319,            0.008614,            0.008614,            0.008614
                  44,             0.03403,            0.021929,            0.008067,             0.85414,             0.93242,             0.95701,             0.73944,            0.027956,           0.0097929,           0.0054606,            0.008581,            0.008581,            0.008581
                  45,            0.033558,            0.022126,           0.0086456,             0.95341,             0.88891,             0.97644,             0.76199,             0.02516,           0.0093783,           0.0054858,            0.008548,            0.008548,            0.008548
                  46,            0.034399,            0.021026,           0.0090273,             0.86652,             0.94725,             0.98084,             0.74552,            0.027853,           0.0098988,           0.0056734,            0.008515,            0.008515,            0.008515
                  47,            0.032825,            0.021372,           0.0089307,             0.83642,             0.99359,             0.98262,             0.78553,            0.021132,           0.0091667,           0.0057234,            0.008482,            0.008482,            0.008482
                  48,            0.033197,            0.022025,            0.008796,             0.95936,             0.95804,             0.98577,             0.76689,            0.023928,           0.0098842,           0.0067397,            0.008449,            0.008449,            0.008449
                  49,            0.032922,            0.019997,           0.0085767,             0.96904,             0.92494,             0.98177,             0.79155,             0.02441,           0.0083488,           0.0054902,            0.008416,            0.008416,            0.008416
                  50,            0.032856,            0.021602,           0.0088976,             0.89699,             0.97493,             0.97503,             0.76495,            0.023442,           0.0091123,           0.0054412,            0.008383,            0.008383,            0.008383
                  51,            0.032938,            0.021546,           0.0087073,               0.847,             0.96397,             0.96535,             0.76594,            0.022795,           0.0098676,           0.0055804,             0.00835,             0.00835,             0.00835
                  52,            0.031675,            0.020486,           0.0077872,             0.70647,             0.98838,             0.91078,             0.69872,            0.024274,            0.010402,           0.0052585,            0.008317,            0.008317,            0.008317
                  53,            0.032191,            0.021084,           0.0077169,             0.83824,             0.98838,             0.96223,             0.74465,            0.022349,           0.0094157,           0.0054922,            0.008284,            0.008284,            0.008284
                  54,            0.031871,            0.019945,           0.0073769,             0.86193,             0.98999,             0.97013,             0.77288,            0.022916,           0.0087838,           0.0057712,            0.008251,            0.008251,            0.008251
                  55,            0.031817,            0.019356,           0.0074704,             0.87487,             0.99132,             0.98138,             0.78336,            0.024781,           0.0089808,           0.0054187,            0.008218,            0.008218,            0.008218
                  56,            0.030961,            0.020856,           0.0074275,             0.86812,             0.99961,             0.97805,              0.7928,            0.021586,           0.0094018,           0.0055295,            0.008185,            0.008185,            0.008185
                  57,            0.028616,            0.018719,           0.0076959,             0.88502,             0.98639,             0.95808,             0.79773,            0.023947,           0.0089654,           0.0054668,            0.008152,            0.008152,            0.008152
                  58,            0.032058,            0.019659,           0.0076085,             0.85543,             0.98371,             0.95673,             0.78774,            0.022879,           0.0088798,           0.0053746,            0.008119,            0.008119,            0.008119
                  59,            0.031217,            0.019728,           0.0076134,             0.84598,             0.98684,             0.96666,             0.79675,            0.021983,           0.0089631,           0.0052767,            0.008086,            0.008086,            0.008086
                  60,            0.031405,            0.019418,           0.0075342,             0.84575,              0.9996,             0.95804,              0.7955,            0.021367,            0.009572,           0.0053702,            0.008053,            0.008053,            0.008053
                  61,            0.029509,            0.018168,           0.0081343,             0.86995,             0.99359,             0.96356,             0.80261,            0.020578,           0.0084877,           0.0053014,             0.00802,             0.00802,             0.00802
                  62,            0.031109,            0.019343,           0.0074316,             0.86133,             0.98718,             0.96205,             0.80663,            0.020804,           0.0084771,           0.0051811,            0.007987,            0.007987,            0.007987
                  63,            0.030009,            0.018533,           0.0066634,             0.85805,             0.98278,             0.92257,             0.76586,            0.018863,           0.0082015,           0.0051388,            0.007954,            0.007954,            0.007954
                  64,            0.029761,            0.018947,           0.0068346,             0.86746,             0.98718,             0.95866,             0.79162,            0.019742,            0.007799,            0.004963,            0.007921,            0.007921,            0.007921
                  65,            0.029397,            0.019001,           0.0069594,              0.8786,             0.99359,             0.97431,             0.81886,            0.019521,           0.0075503,           0.0049647,            0.007888,            0.007888,            0.007888
                  66,            0.029377,            0.018399,           0.0083292,             0.88852,             0.98464,             0.96761,             0.82294,            0.018791,            0.007752,           0.0050027,            0.007855,            0.007855,            0.007855
                  67,            0.029506,            0.019528,           0.0077712,             0.90234,             0.99338,              0.9702,             0.78931,            0.019013,           0.0085129,           0.0051661,            0.007822,            0.007822,            0.007822
                  68,            0.027737,            0.018018,           0.0075186,             0.88985,             0.97826,             0.98968,             0.79342,            0.021514,           0.0091508,           0.0050398,            0.007789,            0.007789,            0.007789
                  69,            0.029416,            0.018105,           0.0073923,             0.95667,             0.99242,             0.99342,             0.79013,            0.023613,            0.009009,           0.0048545,            0.007756,            0.007756,            0.007756
                  70,            0.028701,             0.01712,           0.0078992,             0.98729,             0.98956,              0.9944,             0.85959,            0.019173,           0.0076982,           0.0049462,            0.007723,            0.007723,            0.007723
                  71,            0.027431,            0.018682,           0.0089385,             0.97449,              0.9286,             0.98854,             0.85188,            0.017719,           0.0073584,           0.0048545,             0.00769,             0.00769,             0.00769
                  72,            0.029013,            0.020233,           0.0081963,             0.84518,             0.97984,             0.98209,             0.82874,            0.019093,           0.0089847,           0.0049477,            0.007657,            0.007657,            0.007657
                  73,            0.029077,            0.017721,           0.0077994,              0.8442,             0.99194,             0.97905,             0.83992,             0.01884,           0.0082128,           0.0050181,            0.007624,            0.007624,            0.007624
                  74,            0.028779,            0.018082,           0.0078142,              0.9317,             0.90835,             0.98276,             0.83509,            0.018818,           0.0075861,           0.0048917,            0.007591,            0.007591,            0.007591
                  75,            0.028939,            0.018747,           0.0074111,             0.95909,             0.98189,             0.99114,             0.86257,            0.018847,           0.0069952,           0.0048236,            0.007558,            0.007558,            0.007558
                  76,            0.029384,            0.017861,           0.0076666,             0.95326,             0.96183,              0.9801,             0.85197,            0.018731,           0.0072383,           0.0048659,            0.007525,            0.007525,            0.007525
                  77,            0.026417,            0.018375,           0.0083858,             0.89865,             0.98718,             0.96252,             0.81908,             0.01987,           0.0084323,           0.0052468,            0.007492,            0.007492,            0.007492
                  78,            0.027289,            0.017782,           0.0076752,             0.89442,             0.98502,             0.96622,             0.81548,            0.019609,           0.0087435,           0.0053284,            0.007459,            0.007459,            0.007459
                  79,            0.027273,            0.017888,           0.0077082,             0.90407,             0.98718,             0.96602,             0.82939,            0.016892,           0.0080904,           0.0046622,            0.007426,            0.007426,            0.007426
                  80,            0.027458,             0.01843,           0.0071273,             0.87298,                   1,             0.95993,             0.81442,            0.019469,           0.0078399,           0.0045367,            0.007393,            0.007393,            0.007393
                  81,            0.027812,            0.018789,           0.0083294,             0.87838,             0.97448,             0.96161,               0.844,            0.017366,           0.0083096,           0.0047973,             0.00736,             0.00736,             0.00736
                  82,            0.027873,            0.018978,           0.0073035,             0.88839,             0.98429,             0.97208,             0.84829,            0.016355,           0.0077923,            0.004743,            0.007327,            0.007327,            0.007327
                  83,            0.027491,            0.018817,            0.006997,             0.98324,             0.97695,              0.9932,             0.84826,            0.016438,           0.0078624,           0.0047563,            0.007294,            0.007294,            0.007294
                  84,            0.027334,            0.017115,           0.0070181,             0.89272,             0.98243,             0.98905,             0.83371,            0.017422,           0.0080729,           0.0046846,            0.007261,            0.007261,            0.007261
                  85,            0.027553,            0.016692,           0.0060035,             0.89038,             0.98659,             0.96938,             0.83548,            0.018996,            0.008475,           0.0047685,            0.007228,            0.007228,            0.007228
                  86,             0.02775,            0.018123,           0.0071288,             0.90291,             0.99633,             0.96288,             0.84375,            0.018472,           0.0081201,           0.0045228,            0.007195,            0.007195,            0.007195
                  87,            0.026518,            0.018072,           0.0064506,             0.86977,             0.97036,             0.94984,             0.79167,            0.018822,           0.0081108,           0.0044441,            0.007162,            0.007162,            0.007162
                  88,            0.026629,            0.018578,           0.0064313,             0.89882,             0.99764,             0.96737,             0.80722,            0.018323,            0.007319,           0.0046747,            0.007129,            0.007129,            0.007129
                  89,            0.026681,            0.017799,           0.0068796,             0.89426,             0.99167,             0.98402,             0.85012,            0.015772,           0.0074334,           0.0046228,            0.007096,            0.007096,            0.007096
                  90,            0.026491,            0.017557,           0.0061749,              0.9065,             0.99071,             0.98867,             0.87088,            0.015571,           0.0073683,           0.0047736,            0.007063,            0.007063,            0.007063
                  91,            0.025016,            0.018223,           0.0080613,             0.98764,             0.96391,             0.99341,             0.88509,            0.017468,           0.0071622,           0.0046718,             0.00703,             0.00703,             0.00703
                  92,            0.024412,            0.016952,           0.0070905,             0.90867,             0.96903,             0.98085,             0.85095,            0.019862,           0.0081629,           0.0047299,            0.006997,            0.006997,            0.006997
                  93,            0.025082,             0.01585,           0.0073298,             0.97648,             0.98077,             0.98757,             0.86472,            0.018863,           0.0081787,           0.0049718,            0.006964,            0.006964,            0.006964
                  94,            0.025713,            0.016868,           0.0080232,             0.96902,             0.97261,             0.99095,             0.83764,            0.017261,           0.0082783,           0.0052383,            0.006931,            0.006931,            0.006931
                  95,            0.026147,            0.016469,           0.0080507,             0.97461,              0.9806,             0.98844,             0.86179,            0.016968,           0.0071778,           0.0049903,            0.006898,            0.006898,            0.006898
                  96,             0.02661,            0.018779,           0.0079407,             0.94711,             0.96119,             0.98716,             0.84483,            0.016751,           0.0074459,           0.0048075,            0.006865,            0.006865,            0.006865
                  97,            0.025359,            0.017383,           0.0067415,             0.96575,             0.95926,             0.99029,             0.86736,            0.017821,           0.0065386,           0.0047966,            0.006832,            0.006832,            0.006832
                  98,            0.025387,            0.016896,           0.0066661,             0.91328,             0.95846,             0.99138,             0.87658,            0.017004,           0.0062483,           0.0047349,            0.006799,            0.006799,            0.006799
                  99,            0.024974,            0.016612,           0.0065026,             0.95972,             0.96059,             0.99173,             0.88866,             0.01569,           0.0067105,           0.0047582,            0.006766,            0.006766,            0.006766
                 100,            0.024464,             0.01725,           0.0074664,              0.9578,              0.9921,             0.99312,             0.88422,            0.016546,           0.0068342,           0.0047717,            0.006733,            0.006733,            0.006733
                 101,            0.024159,            0.016897,           0.0070942,              0.9786,             0.98817,             0.99402,             0.87739,             0.01571,           0.0065911,           0.0045741,              0.0067,              0.0067,              0.0067
                 102,            0.025699,            0.016334,           0.0071618,             0.99039,             0.99755,             0.99484,             0.88805,            0.015718,           0.0071483,           0.0046085,            0.006667,            0.006667,            0.006667
                 103,             0.02524,            0.017002,           0.0061051,             0.96679,             0.96792,             0.99488,             0.87961,             0.01422,           0.0068538,           0.0045965,            0.006634,            0.006634,            0.006634
                 104,              0.0256,            0.017421,           0.0066847,             0.97629,             0.99359,              0.9929,             0.88731,            0.015239,            0.007167,           0.0044769,            0.006601,            0.006601,            0.006601
                 105,            0.023963,            0.016316,           0.0070999,             0.98313,                   1,             0.99195,             0.88142,            0.015386,           0.0075031,           0.0046351,            0.006568,            0.006568,            0.006568
                 106,            0.024964,              0.0167,           0.0081026,             0.94106,             0.97742,             0.99389,              0.8763,            0.015369,           0.0063105,           0.0044529,            0.006535,            0.006535,            0.006535
                 107,              0.0254,            0.017628,           0.0078794,             0.90287,             0.98718,             0.97565,             0.88323,            0.013819,           0.0062718,            0.004455,            0.006502,            0.006502,            0.006502
                 108,            0.024176,            0.018303,           0.0073148,             0.90585,             0.99107,             0.96886,             0.85915,            0.015403,           0.0065489,           0.0044427,            0.006469,            0.006469,            0.006469
                 109,            0.024113,            0.016594,           0.0061959,             0.90169,             0.99574,             0.95755,             0.83289,            0.017571,           0.0076285,           0.0046309,            0.006436,            0.006436,            0.006436
                 110,            0.024577,            0.017761,           0.0062404,              0.9035,              0.9996,             0.94075,             0.83204,            0.016123,           0.0072753,           0.0046231,            0.006403,            0.006403,            0.006403
                 111,             0.02476,            0.015793,           0.0060473,             0.88719,              0.9982,             0.96466,             0.85533,            0.014694,           0.0066186,            0.004471,             0.00637,             0.00637,             0.00637
                 112,            0.023711,            0.016043,           0.0057573,              0.8892,             0.98642,             0.99042,             0.86436,             0.01517,           0.0063426,           0.0044863,            0.006337,            0.006337,            0.006337
                 113,            0.023691,            0.015931,           0.0061304,             0.94699,             0.95286,             0.99378,              0.8499,            0.015042,           0.0059664,           0.0046544,            0.006304,            0.006304,            0.006304
                 114,            0.022999,            0.016015,           0.0061884,              0.9813,             0.99643,             0.99378,             0.90293,            0.014575,           0.0062424,           0.0046731,            0.006271,            0.006271,            0.006271
                 115,            0.022846,            0.016966,           0.0084523,             0.98622,             0.99241,             0.99475,              0.9023,            0.017825,           0.0064725,           0.0045883,            0.006238,            0.006238,            0.006238
                 116,            0.023508,              0.0167,           0.0077242,              0.9935,             0.98796,             0.99473,             0.90621,            0.014342,           0.0066313,           0.0045088,            0.006205,            0.006205,            0.006205
                 117,            0.023898,            0.017147,           0.0083631,             0.98137,             0.98837,              0.9937,             0.90489,            0.014061,           0.0063317,           0.0045323,            0.006172,            0.006172,            0.006172
                 118,            0.024921,             0.01607,           0.0078391,             0.99662,             0.98483,             0.98979,             0.89349,            0.014833,           0.0059372,           0.0044198,            0.006139,            0.006139,            0.006139
                 119,            0.022903,            0.015951,           0.0063789,             0.98287,             0.99579,               0.995,             0.88999,            0.014288,           0.0060311,           0.0047652,            0.006106,            0.006106,            0.006106
                 120,            0.023187,            0.015772,           0.0070039,             0.99061,             0.99444,             0.99498,             0.89039,            0.015851,           0.0069269,           0.0049167,            0.006073,            0.006073,            0.006073
                 121,            0.023717,            0.016236,            0.007778,              0.9897,              0.9975,               0.995,             0.89816,            0.015574,           0.0072395,           0.0048788,             0.00604,             0.00604,             0.00604
                 122,            0.022673,            0.016747,           0.0077359,             0.95009,             0.99406,             0.99469,             0.90109,            0.015869,           0.0073037,           0.0050916,            0.006007,            0.006007,            0.006007
                 123,            0.022869,            0.017028,           0.0068082,             0.96371,             0.98344,             0.99372,             0.88753,            0.014458,           0.0073266,           0.0047725,            0.005974,            0.005974,            0.005974
                 124,            0.022973,            0.016703,            0.006914,             0.96843,             0.98777,             0.99318,             0.89503,            0.014548,           0.0076012,           0.0052154,            0.005941,            0.005941,            0.005941
                 125,            0.021543,            0.015412,           0.0069733,                   1,             0.98506,             0.99413,             0.89017,            0.015462,           0.0075111,           0.0052056,            0.005908,            0.005908,            0.005908
                 126,            0.022286,            0.016695,           0.0076324,             0.99733,             0.99826,               0.995,             0.90747,            0.014262,           0.0068038,           0.0049974,            0.005875,            0.005875,            0.005875
                 127,              0.0231,            0.017143,           0.0081025,             0.99361,             0.99857,             0.99498,             0.89985,            0.014709,           0.0068458,           0.0052038,            0.005842,            0.005842,            0.005842
                 128,             0.02169,            0.015568,           0.0072777,             0.98816,             0.98473,               0.995,             0.91881,            0.014094,           0.0066598,           0.0051059,            0.005809,            0.005809,            0.005809
                 129,            0.022047,            0.016557,           0.0073026,             0.96691,             0.98006,             0.99475,             0.91237,            0.015341,           0.0068431,           0.0054222,            0.005776,            0.005776,            0.005776
                 130,            0.021542,            0.015635,           0.0066384,             0.90291,             0.99309,             0.99295,             0.92735,            0.013215,           0.0064909,           0.0045037,            0.005743,            0.005743,            0.005743
                 131,            0.021413,            0.015633,           0.0071482,             0.89634,              0.9992,             0.99408,             0.91669,             0.01323,            0.006032,           0.0045551,             0.00571,             0.00571,             0.00571
                 132,            0.022186,            0.015866,           0.0075556,             0.94596,             0.95137,             0.99481,             0.91289,             0.01394,           0.0063964,           0.0051832,            0.005677,            0.005677,            0.005677
                 133,            0.022635,            0.015634,           0.0070149,              0.8993,             0.99729,             0.99457,             0.92442,            0.012651,           0.0063953,           0.0047761,            0.005644,            0.005644,            0.005644
                 134,            0.022882,            0.016426,           0.0079499,             0.89423,             0.99349,             0.99297,             0.91505,            0.013136,           0.0073041,           0.0045964,            0.005611,            0.005611,            0.005611
                 135,            0.022253,            0.016692,           0.0079431,             0.89192,             0.99409,             0.99256,             0.90472,            0.012832,           0.0077878,           0.0043569,            0.005578,            0.005578,            0.005578
                 136,            0.021127,            0.016108,           0.0066415,             0.96571,             0.95712,             0.99482,             0.90889,            0.012394,            0.006467,           0.0043172,            0.005545,            0.005545,            0.005545
                 137,            0.020817,            0.015129,           0.0059574,             0.99439,             0.96188,             0.99499,             0.88883,            0.013419,           0.0059403,           0.0043145,            0.005512,            0.005512,            0.005512
                 138,            0.021981,            0.014839,           0.0059388,             0.99474,              0.9744,               0.995,              0.9064,            0.013784,           0.0064451,           0.0044167,            0.005479,            0.005479,            0.005479
                 139,            0.021499,            0.015108,           0.0067818,             0.99304,             0.96398,             0.99493,              0.9041,            0.016109,           0.0062312,           0.0045159,            0.005446,            0.005446,            0.005446
                 140,            0.021615,            0.014842,           0.0061419,             0.89802,             0.99114,             0.99408,             0.90018,             0.01309,           0.0057838,           0.0044332,            0.005413,            0.005413,            0.005413
                 141,            0.021143,            0.014711,           0.0061526,             0.89431,             0.99515,             0.99116,              0.8993,             0.01313,           0.0066078,           0.0046183,             0.00538,             0.00538,             0.00538
                 142,            0.021802,            0.015106,           0.0056798,             0.91283,             0.99858,             0.98697,             0.88033,            0.012267,           0.0077507,           0.0050011,            0.005347,            0.005347,            0.005347
                 143,             0.02229,            0.016667,           0.0059354,             0.90952,             0.99182,             0.99326,             0.87229,            0.012835,           0.0082488,           0.0050652,            0.005314,            0.005314,            0.005314
                 144,             0.02101,            0.015451,           0.0060717,              0.9028,             0.99337,             0.99474,             0.90873,              0.0134,           0.0074811,           0.0053526,            0.005281,            0.005281,            0.005281
                 145,            0.020448,             0.01498,           0.0061284,             0.89878,             0.99583,             0.99478,              0.8982,             0.01282,           0.0065474,           0.0053451,            0.005248,            0.005248,            0.005248
                 146,            0.020533,            0.015185,           0.0057847,             0.89151,             0.99875,             0.98947,             0.90179,            0.012354,            0.005767,           0.0050979,            0.005215,            0.005215,            0.005215
                 147,            0.019807,            0.015252,           0.0061577,             0.90102,             0.99368,             0.98977,             0.90205,            0.012929,           0.0055998,           0.0048957,            0.005182,            0.005182,            0.005182
                 148,            0.020119,            0.014466,           0.0056337,             0.90074,             0.99384,             0.99182,             0.90498,            0.012496,           0.0062043,            0.004634,            0.005149,            0.005149,            0.005149
                 149,            0.019187,            0.014386,           0.0059032,             0.98764,             0.94083,             0.99453,              0.9146,            0.011995,           0.0061507,            0.004432,            0.005116,            0.005116,            0.005116
                 150,            0.020218,            0.013863,           0.0057811,             0.92272,             0.99536,             0.99479,             0.91415,            0.012335,           0.0068305,           0.0046069,            0.005083,            0.005083,            0.005083
                 151,            0.019837,            0.015359,           0.0066857,             0.91692,             0.99726,              0.9945,             0.89633,            0.012852,            0.006304,           0.0043587,             0.00505,             0.00505,             0.00505
                 152,            0.020592,            0.014612,           0.0057086,             0.91436,             0.99743,             0.99472,             0.91894,            0.012408,           0.0064096,           0.0042361,            0.005017,            0.005017,            0.005017
                 153,            0.019097,            0.014145,           0.0064735,             0.99255,             0.93109,             0.99419,             0.92373,            0.013318,           0.0061966,           0.0042661,            0.004984,            0.004984,            0.004984
                 154,            0.019942,            0.014454,           0.0060624,             0.91674,             0.99668,              0.9914,             0.91575,            0.012193,           0.0059344,           0.0045165,            0.004951,            0.004951,            0.004951
                 155,            0.020959,            0.015126,           0.0069657,             0.91398,             0.98991,             0.98893,             0.89502,            0.013366,           0.0059378,           0.0044968,            0.004918,            0.004918,            0.004918
                 156,            0.019425,            0.015183,           0.0059811,             0.90613,             0.99229,                0.99,             0.92621,            0.012332,           0.0056512,           0.0042731,            0.004885,            0.004885,            0.004885
                 157,            0.019831,            0.014041,           0.0072102,             0.90179,             0.99601,             0.99466,             0.93342,            0.011709,           0.0054422,           0.0041415,            0.004852,            0.004852,            0.004852
                 158,            0.019401,            0.014212,           0.0061858,             0.89915,             0.99665,             0.99438,             0.93085,            0.011307,           0.0053047,           0.0040882,            0.004819,            0.004819,            0.004819
                 159,            0.019863,            0.015234,           0.0062904,             0.90186,             0.99916,             0.99441,             0.93764,            0.012819,           0.0054481,           0.0041331,            0.004786,            0.004786,            0.004786
                 160,            0.019256,            0.013523,            0.006244,             0.91129,             0.99462,             0.99406,             0.93304,             0.01113,           0.0054728,           0.0041905,            0.004753,            0.004753,            0.004753
                 161,            0.020062,              0.0147,           0.0064463,             0.91688,             0.99715,             0.99387,             0.93737,            0.012351,           0.0058159,           0.0042109,             0.00472,             0.00472,             0.00472
                 162,            0.019734,            0.014351,           0.0060441,             0.91947,             0.99693,             0.99474,             0.90112,            0.012747,           0.0062569,           0.0043243,            0.004687,            0.004687,            0.004687
                 163,            0.020004,            0.015404,            0.005412,             0.91681,             0.99749,              0.9947,             0.90575,            0.012092,           0.0063504,           0.0045234,            0.004654,            0.004654,            0.004654
                 164,            0.019117,            0.013241,           0.0058918,             0.91726,             0.99857,             0.99479,             0.91612,            0.011966,           0.0049886,           0.0044217,            0.004621,            0.004621,            0.004621
                 165,            0.018842,            0.014873,           0.0058069,             0.91781,             0.99889,             0.99484,             0.91679,            0.012129,           0.0050712,           0.0046316,            0.004588,            0.004588,            0.004588
                 166,            0.018753,            0.014356,           0.0052561,              0.9166,              0.9985,             0.99452,               0.933,            0.011388,           0.0050964,           0.0046571,            0.004555,            0.004555,            0.004555
                 167,              0.0189,            0.014458,           0.0066117,             0.91702,             0.99929,             0.99385,             0.92288,            0.011799,           0.0057131,           0.0049473,            0.004522,            0.004522,            0.004522
                 168,            0.019803,              0.0146,           0.0065987,             0.91535,             0.99946,             0.99394,             0.92194,             0.01172,           0.0060092,            0.004842,            0.004489,            0.004489,            0.004489
                 169,            0.019349,            0.014414,           0.0075249,             0.91791,             0.99928,             0.99434,              0.9353,            0.011439,            0.005827,           0.0044267,            0.004456,            0.004456,            0.004456
                 170,            0.018727,            0.014932,           0.0072045,             0.91511,                   1,             0.99174,             0.92595,            0.011513,           0.0058672,           0.0044863,            0.004423,            0.004423,            0.004423
                 171,            0.018742,            0.013899,           0.0064288,             0.91388,             0.99791,             0.99448,             0.92738,            0.011465,           0.0054879,           0.0043364,             0.00439,             0.00439,             0.00439
                 172,            0.018719,            0.014686,           0.0062985,              0.9065,             0.99108,             0.99138,             0.92256,            0.011678,            0.005565,           0.0043295,            0.004357,            0.004357,            0.004357
                 173,            0.018438,            0.014108,           0.0065913,             0.90301,             0.99508,             0.99409,              0.9319,            0.012052,           0.0059153,           0.0042873,            0.004324,            0.004324,            0.004324
                 174,            0.018555,            0.014562,           0.0066592,             0.90268,             0.99813,             0.99488,             0.92025,            0.012318,           0.0064302,           0.0045115,            0.004291,            0.004291,            0.004291
                 175,            0.018123,            0.014387,           0.0063013,             0.90291,             0.99265,             0.99487,             0.91056,            0.011386,           0.0068257,           0.0044232,            0.004258,            0.004258,            0.004258
                 176,            0.019041,            0.013397,            0.005655,             0.90418,             0.99199,             0.99484,             0.90981,            0.012145,            0.006784,           0.0046171,            0.004225,            0.004225,            0.004225
                 177,            0.018786,            0.014985,            0.005729,             0.90663,             0.99281,             0.99488,             0.93196,            0.011517,           0.0071156,           0.0046609,            0.004192,            0.004192,            0.004192
                 178,             0.01877,            0.012986,           0.0064238,             0.99172,             0.94295,             0.99491,             0.93446,            0.012052,           0.0061941,           0.0044583,            0.004159,            0.004159,            0.004159
                 179,            0.017606,            0.013803,           0.0059124,             0.98105,             0.96473,             0.99483,             0.93291,            0.011657,           0.0058305,           0.0042277,            0.004126,            0.004126,            0.004126
                 180,            0.017973,            0.014555,           0.0065407,             0.90641,             0.99775,             0.99485,             0.93614,            0.011587,           0.0055896,           0.0041846,            0.004093,            0.004093,            0.004093
                 181,            0.018519,             0.01384,            0.006703,             0.97751,             0.93828,             0.99486,              0.9321,            0.011848,           0.0050865,            0.003996,             0.00406,             0.00406,             0.00406
                 182,            0.018965,            0.013583,           0.0065562,             0.98254,             0.94558,             0.99473,             0.93033,            0.011881,           0.0051321,           0.0039946,            0.004027,            0.004027,            0.004027
                 183,            0.017902,             0.01259,           0.0067478,             0.98754,             0.93844,              0.9948,             0.93315,            0.011944,           0.0057296,           0.0040237,            0.003994,            0.003994,            0.003994
                 184,            0.018572,            0.013929,           0.0066539,             0.90207,             0.99502,             0.99485,             0.91473,            0.011032,           0.0055821,           0.0040479,            0.003961,            0.003961,            0.003961
                 185,            0.018335,            0.014544,           0.0059739,             0.91254,             0.99204,             0.99404,             0.91373,             0.01122,           0.0058152,            0.004167,            0.003928,            0.003928,            0.003928
                 186,             0.01866,            0.014121,           0.0067898,             0.91995,             0.99499,             0.99432,             0.92545,            0.011883,           0.0057381,           0.0043268,            0.003895,            0.003895,            0.003895
                 187,            0.017074,            0.014273,           0.0066971,             0.91346,             0.99674,             0.99189,             0.93533,            0.011643,           0.0056252,           0.0045864,            0.003862,            0.003862,            0.003862
                 188,            0.017823,            0.013473,           0.0049257,             0.91558,             0.99684,             0.98698,             0.92541,            0.011859,           0.0056858,           0.0049582,            0.003829,            0.003829,            0.003829
                 189,             0.01735,            0.013654,           0.0053829,             0.91767,             0.99753,             0.99188,             0.94078,            0.010625,           0.0053495,           0.0047418,            0.003796,            0.003796,            0.003796
                 190,            0.017726,            0.013619,           0.0059806,             0.91466,             0.99727,              0.9896,             0.94117,            0.010428,           0.0049762,           0.0042311,            0.003763,            0.003763,            0.003763
                 191,            0.017173,            0.013439,           0.0061326,              0.9147,             0.99742,             0.99402,             0.94069,            0.010429,           0.0045675,           0.0040967,             0.00373,             0.00373,             0.00373
                 192,            0.018081,            0.013189,           0.0059715,             0.91479,              0.9972,             0.99493,             0.93461,            0.010536,           0.0045994,           0.0040111,            0.003697,            0.003697,            0.003697
                 193,            0.017204,            0.013904,           0.0062564,             0.91719,             0.99877,             0.99459,             0.94125,             0.01084,           0.0046157,            0.004071,            0.003664,            0.003664,            0.003664
                 194,            0.017468,            0.014217,           0.0060131,             0.91681,              0.9975,             0.99488,             0.94851,            0.010256,           0.0046709,           0.0043441,            0.003631,            0.003631,            0.003631
                 195,            0.018647,            0.013897,           0.0067396,             0.91418,             0.99945,             0.99399,             0.95165,            0.009711,           0.0046025,           0.0042672,            0.003598,            0.003598,            0.003598
                 196,            0.017754,            0.014731,           0.0070932,             0.91384,             0.99666,             0.99172,             0.94199,            0.010484,           0.0047131,            0.004245,            0.003565,            0.003565,            0.003565
                 197,            0.017099,            0.013914,            0.006655,             0.91369,             0.99805,             0.99451,             0.93892,            0.011188,           0.0052322,           0.0045822,            0.003532,            0.003532,            0.003532
                 198,            0.018027,            0.015349,           0.0058376,             0.90907,             0.99587,               0.995,             0.94812,           0.0097915,           0.0049216,           0.0042749,            0.003499,            0.003499,            0.003499
                 199,            0.016953,            0.013235,           0.0068093,              0.9004,             0.99716,             0.99497,             0.94873,           0.0098726,            0.004704,           0.0042986,            0.003466,            0.003466,            0.003466
                 200,            0.017197,            0.012799,           0.0065167,             0.90037,             0.99868,               0.995,             0.94793,           0.0098033,           0.0048289,           0.0043412,            0.003433,            0.003433,            0.003433
                 201,            0.017131,             0.01322,           0.0063769,             0.90863,             0.99872,             0.99498,             0.94361,             0.01083,           0.0048384,           0.0043144,              0.0034,              0.0034,              0.0034
                 202,            0.017247,            0.013255,           0.0057722,             0.90709,             0.99802,             0.99491,             0.94832,            0.010379,           0.0046685,           0.0044223,            0.003367,            0.003367,            0.003367
                 203,            0.016768,            0.013875,            0.007186,             0.92033,             0.99597,             0.99492,             0.95209,            0.010504,           0.0046219,           0.0043656,            0.003334,            0.003334,            0.003334
                 204,            0.016295,            0.012232,           0.0066306,             0.99138,             0.94615,             0.99484,             0.94789,           0.0098951,           0.0046601,           0.0047795,            0.003301,            0.003301,            0.003301
                 205,            0.017005,            0.012996,           0.0069365,             0.98921,             0.95341,             0.99487,             0.94695,              0.0101,           0.0047968,           0.0045239,            0.003268,            0.003268,            0.003268
                 206,            0.018352,            0.014027,           0.0067938,             0.91944,             0.99916,             0.99498,             0.95048,            0.010173,            0.004611,           0.0046205,            0.003235,            0.003235,            0.003235
                 207,            0.016614,              0.0131,           0.0065051,              0.9132,                   1,              0.9949,             0.93781,            0.010747,           0.0053788,           0.0053466,            0.003202,            0.003202,            0.003202
                 208,            0.016572,            0.013382,           0.0056571,             0.91841,             0.99974,             0.99491,             0.93606,            0.010318,           0.0054652,           0.0050212,            0.003169,            0.003169,            0.003169
                 209,            0.016993,            0.012999,           0.0058542,             0.91972,             0.99827,             0.99492,             0.94434,           0.0096872,           0.0051154,           0.0047649,            0.003136,            0.003136,            0.003136
                 210,             0.01613,            0.011972,           0.0053731,             0.99276,             0.95936,             0.99493,             0.94317,           0.0092184,           0.0050676,           0.0043038,            0.003103,            0.003103,            0.003103
                 211,            0.016386,            0.013399,           0.0054075,             0.99285,             0.95786,             0.99487,             0.95024,           0.0095212,           0.0045459,           0.0038797,             0.00307,             0.00307,             0.00307
                 212,            0.015802,            0.012878,           0.0053533,             0.91027,             0.99046,             0.99486,             0.94719,           0.0097653,           0.0055909,           0.0039724,            0.003037,            0.003037,            0.003037
                 213,            0.016934,            0.012735,           0.0054625,             0.91769,             0.99947,             0.99492,             0.93547,           0.0094729,           0.0055657,           0.0040748,            0.003004,            0.003004,            0.003004
                 214,            0.016003,            0.011902,           0.0055941,              0.9815,             0.95839,             0.99492,             0.95249,            0.010072,           0.0050753,           0.0041094,            0.002971,            0.002971,            0.002971
                 215,            0.017233,            0.013422,           0.0070062,             0.91982,             0.99927,             0.99481,             0.94207,           0.0091721,           0.0051232,           0.0041236,            0.002938,            0.002938,            0.002938
                 216,            0.016033,            0.012387,           0.0063511,             0.92121,              0.9987,             0.99476,             0.95265,           0.0090842,           0.0044005,           0.0040732,            0.002905,            0.002905,            0.002905
                 217,            0.015778,            0.012534,           0.0062575,             0.91949,             0.99889,             0.99476,             0.94942,           0.0093131,           0.0045697,           0.0041234,            0.002872,            0.002872,            0.002872
                 218,            0.017044,            0.013359,           0.0068523,             0.91902,             0.99906,             0.99469,             0.95074,           0.0097448,           0.0043623,           0.0042049,            0.002839,            0.002839,            0.002839
                 219,            0.016901,            0.012834,           0.0065982,             0.91732,             0.99917,             0.99487,             0.95918,           0.0093746,           0.0043289,           0.0040522,            0.002806,            0.002806,            0.002806
                 220,            0.016774,            0.013391,           0.0074901,             0.91781,             0.99909,             0.99182,             0.95423,           0.0091444,           0.0047553,           0.0042427,            0.002773,            0.002773,            0.002773
                 221,            0.015523,            0.013231,           0.0065333,             0.91782,             0.99936,             0.99159,             0.95074,           0.0092722,           0.0044306,           0.0040794,             0.00274,             0.00274,             0.00274
                 222,            0.015901,            0.012318,           0.0055002,              0.9179,             0.99838,             0.99476,             0.95135,           0.0095112,           0.0042746,           0.0038848,            0.002707,            0.002707,            0.002707
                 223,             0.01557,            0.012344,           0.0056815,             0.91987,             0.99938,               0.995,             0.95441,           0.0090737,           0.0043019,           0.0038212,            0.002674,            0.002674,            0.002674
                 224,            0.015768,            0.012118,           0.0053152,             0.98172,              0.9703,               0.995,             0.95367,           0.0089438,           0.0042266,           0.0037582,            0.002641,            0.002641,            0.002641
                 225,            0.015622,            0.012541,           0.0058247,             0.98848,             0.97262,               0.995,             0.94638,           0.0097159,           0.0044811,           0.0037556,            0.002608,            0.002608,            0.002608
                 226,            0.015573,            0.013475,           0.0064264,             0.98269,             0.96325,               0.995,             0.95726,           0.0094799,           0.0043554,           0.0037679,            0.002575,            0.002575,            0.002575
                 227,             0.01587,            0.012546,           0.0055333,             0.91195,             0.99663,               0.995,             0.95196,           0.0096849,            0.004631,           0.0039058,            0.002542,            0.002542,            0.002542
                 228,            0.015018,             0.01273,           0.0066111,             0.91805,             0.99268,               0.995,              0.9511,           0.0095084,             0.00544,           0.0040274,            0.002509,            0.002509,            0.002509
                 229,            0.016635,             0.01302,           0.0062006,             0.91978,             0.99881,               0.995,             0.95447,           0.0096024,            0.006274,           0.0040516,            0.002476,            0.002476,            0.002476
                 230,             0.01528,             0.01307,           0.0053725,             0.91835,              0.9967,             0.99491,             0.94644,           0.0098498,           0.0064896,           0.0042291,            0.002443,            0.002443,            0.002443
                 231,            0.014166,            0.011549,            0.005013,              0.9199,             0.99767,             0.99497,             0.96027,           0.0091017,           0.0056296,           0.0040818,             0.00241,             0.00241,             0.00241
                 232,            0.014759,            0.011999,           0.0060989,               0.988,             0.97398,             0.99498,             0.96653,           0.0085725,           0.0044042,           0.0039818,            0.002377,            0.002377,            0.002377
                 233,            0.014937,            0.012281,           0.0068531,             0.98891,             0.99491,             0.99495,             0.96158,           0.0088446,           0.0043732,           0.0038373,            0.002344,            0.002344,            0.002344
                 234,            0.015832,            0.013964,           0.0062046,             0.99246,             0.98871,             0.99494,             0.96559,           0.0085796,           0.0044126,           0.0038204,            0.002311,            0.002311,            0.002311
                 235,            0.014991,            0.011803,           0.0064339,             0.99257,             0.96475,              0.9949,             0.96065,           0.0086027,           0.0041923,           0.0038585,            0.002278,            0.002278,            0.002278
                 236,            0.014412,            0.011731,           0.0049599,             0.99271,             0.95187,              0.9949,             0.95714,           0.0089234,           0.0040587,           0.0038887,            0.002245,            0.002245,            0.002245
                 237,            0.015152,            0.011664,           0.0059145,             0.98273,             0.95121,              0.9949,              0.9501,           0.0091695,           0.0042263,           0.0038682,            0.002212,            0.002212,            0.002212
                 238,            0.015964,               0.012,            0.006249,             0.98272,             0.95022,             0.99494,             0.96491,           0.0086962,           0.0040584,           0.0038207,            0.002179,            0.002179,            0.002179
                 239,             0.01468,            0.011687,           0.0057243,             0.90483,             0.99889,             0.99494,             0.96488,           0.0091437,           0.0050967,            0.004186,            0.002146,            0.002146,            0.002146
                 240,            0.016373,            0.011702,           0.0062549,             0.90466,             0.99776,             0.99495,             0.95868,            0.009094,           0.0049148,             0.00408,            0.002113,            0.002113,            0.002113
                 241,            0.015133,            0.012513,           0.0052865,             0.90577,               0.998,             0.99497,             0.95978,           0.0092553,           0.0050529,           0.0039811,             0.00208,             0.00208,             0.00208
                 242,             0.01542,            0.013263,           0.0068356,             0.98504,             0.96549,             0.99499,             0.94978,           0.0098502,           0.0057168,           0.0039263,            0.002047,            0.002047,            0.002047
                 243,            0.014033,            0.011658,           0.0055919,             0.98779,             0.96161,             0.99494,              0.9549,           0.0089633,           0.0055636,           0.0038901,            0.002014,            0.002014,            0.002014
                 244,            0.015601,            0.013334,           0.0071432,             0.97452,             0.98781,             0.99493,             0.95944,            0.008709,           0.0052486,           0.0038185,            0.001981,            0.001981,            0.001981
                 245,            0.014982,             0.01236,           0.0065875,             0.98547,             0.97802,             0.99497,             0.94831,           0.0090029,           0.0050353,           0.0038099,            0.001948,            0.001948,            0.001948
                 246,            0.014639,            0.012865,           0.0061573,              0.9939,             0.98086,               0.995,              0.9515,           0.0087372,           0.0051352,           0.0040279,            0.001915,            0.001915,            0.001915
                 247,            0.013707,            0.012123,           0.0062192,             0.98678,             0.95948,             0.99495,             0.95663,           0.0093416,           0.0050838,           0.0039818,            0.001882,            0.001882,            0.001882
                 248,            0.015154,            0.012751,           0.0061916,             0.98599,             0.94548,             0.99494,             0.95832,           0.0083608,           0.0044725,           0.0038297,            0.001849,            0.001849,            0.001849
                 249,            0.014221,            0.011945,           0.0052416,             0.99283,             0.97646,             0.99494,             0.95628,           0.0085604,           0.0046217,             0.00373,            0.001816,            0.001816,            0.001816
                 250,            0.014882,            0.013078,           0.0053021,             0.99229,             0.98861,             0.99488,             0.95647,           0.0090867,           0.0045986,           0.0036744,            0.001783,            0.001783,            0.001783
                 251,            0.013514,            0.011804,           0.0061527,             0.98388,             0.99344,             0.99484,             0.96517,           0.0085665,           0.0041123,           0.0036112,             0.00175,             0.00175,             0.00175
                 252,            0.014724,            0.012595,           0.0067361,             0.98247,             0.99261,             0.99484,              0.9684,           0.0078713,           0.0037502,           0.0036262,            0.001717,            0.001717,            0.001717
                 253,            0.014716,            0.012384,           0.0066721,             0.98195,             0.99746,             0.99488,             0.96718,            0.008143,           0.0037406,            0.003745,            0.001684,            0.001684,            0.001684
                 254,            0.013496,            0.012039,           0.0059069,             0.99331,             0.99567,             0.99491,             0.97084,            0.008439,           0.0035162,           0.0037794,            0.001651,            0.001651,            0.001651
                 255,            0.014946,            0.012456,           0.0067754,             0.98703,             0.99359,             0.99487,             0.96197,           0.0085074,           0.0045955,           0.0039264,            0.001618,            0.001618,            0.001618
                 256,            0.013548,            0.011359,           0.0056754,              0.9855,             0.99062,             0.99486,             0.96179,           0.0082685,            0.004188,           0.0038716,            0.001585,            0.001585,            0.001585
                 257,             0.01402,            0.011057,           0.0059566,             0.97699,             0.99317,             0.99486,             0.96127,           0.0084828,           0.0037313,           0.0038125,            0.001552,            0.001552,            0.001552
                 258,            0.013956,            0.012193,           0.0058116,             0.98126,             0.99056,              0.9948,             0.97191,           0.0084976,           0.0037726,            0.003683,            0.001519,            0.001519,            0.001519
                 259,            0.014287,            0.011977,           0.0067551,             0.98195,             0.98638,             0.99478,             0.97066,           0.0080557,           0.0040326,           0.0037965,            0.001486,            0.001486,            0.001486
                 260,            0.015174,            0.013077,           0.0069334,             0.97768,             0.99061,             0.99479,             0.97463,           0.0083551,            0.003907,           0.0037996,            0.001453,            0.001453,            0.001453
                 261,            0.013505,            0.011951,           0.0059874,             0.96668,             0.98535,             0.99485,             0.97243,           0.0081443,           0.0039488,           0.0038369,             0.00142,             0.00142,             0.00142
                 262,            0.013696,            0.012063,           0.0061054,             0.96668,             0.97005,             0.99485,              0.9717,           0.0087971,           0.0036339,           0.0038693,            0.001387,            0.001387,            0.001387
                 263,            0.014423,            0.011276,           0.0066034,             0.97474,             0.97696,             0.99485,             0.96532,           0.0083997,            0.003562,           0.0039765,            0.001354,            0.001354,            0.001354
                 264,            0.015271,            0.012482,           0.0070155,             0.98451,             0.97907,             0.99487,             0.97044,           0.0081049,           0.0037861,           0.0038194,            0.001321,            0.001321,            0.001321
                 265,            0.013612,            0.011588,           0.0057418,             0.98553,             0.98519,             0.99484,             0.97459,           0.0082092,           0.0045733,            0.003919,            0.001288,            0.001288,            0.001288
                 266,            0.013747,             0.01206,           0.0061834,             0.98284,             0.98224,             0.99479,             0.96957,           0.0081877,            0.004848,           0.0040571,            0.001255,            0.001255,            0.001255
                 267,            0.013673,             0.01195,           0.0060203,             0.98575,             0.97676,             0.99483,             0.97093,           0.0081611,           0.0043999,           0.0038877,            0.001222,            0.001222,            0.001222
                 268,            0.013964,            0.012021,           0.0069124,             0.98236,             0.97333,             0.99484,             0.97233,           0.0083753,           0.0042053,           0.0038474,            0.001189,            0.001189,            0.001189
                 269,             0.01313,            0.010844,           0.0054993,             0.98214,             0.96892,             0.99486,             0.97454,           0.0079611,           0.0040876,            0.003792,            0.001156,            0.001156,            0.001156
                 270,            0.014557,            0.011463,            0.006476,             0.96661,             0.96647,             0.99484,             0.97574,           0.0080179,           0.0039113,            0.003734,            0.001123,            0.001123,            0.001123
                 271,            0.013746,            0.011633,           0.0067686,             0.96691,              0.9537,              0.9948,             0.97111,           0.0083276,           0.0036669,            0.003755,             0.00109,             0.00109,             0.00109
                 272,              0.0143,            0.012416,           0.0076575,              0.9713,             0.95743,             0.99487,              0.9723,           0.0085071,           0.0036798,           0.0037514,            0.001057,            0.001057,            0.001057
                 273,            0.014202,            0.012353,             0.00708,             0.96898,             0.97384,             0.99485,              0.9679,           0.0083872,           0.0035229,           0.0037508,            0.001024,            0.001024,            0.001024
                 274,            0.013435,            0.011383,            0.005841,             0.95894,             0.99304,              0.9948,             0.97111,           0.0087797,           0.0033717,           0.0036919,            0.000991,            0.000991,            0.000991
                 275,            0.013332,            0.011519,           0.0054475,             0.96608,             0.99638,             0.99479,             0.96945,           0.0084714,           0.0037052,           0.0036752,            0.000958,            0.000958,            0.000958
                 276,            0.012789,            0.010964,           0.0054187,             0.96645,             0.99761,             0.99483,             0.97334,           0.0078001,           0.0039624,           0.0036801,            0.000925,            0.000925,            0.000925
                 277,            0.013871,            0.012153,           0.0063977,              0.9674,             0.99144,             0.99481,             0.97782,           0.0076373,           0.0042832,           0.0037041,            0.000892,            0.000892,            0.000892
                 278,            0.014204,            0.011591,            0.006788,             0.96813,             0.98952,             0.99484,             0.97573,           0.0074565,           0.0048045,           0.0036841,            0.000859,            0.000859,            0.000859
                 279,            0.013566,            0.011953,           0.0063957,              0.9684,             0.99252,             0.99487,              0.9727,           0.0074769,           0.0050719,           0.0037061,            0.000826,            0.000826,            0.000826
                 280,             0.01318,            0.011397,           0.0059735,             0.97071,             0.99248,             0.99487,              0.9738,           0.0073623,           0.0049527,           0.0037543,            0.000793,            0.000793,            0.000793
                 281,            0.014336,            0.011194,           0.0071817,              0.9722,              0.9899,             0.99486,             0.97196,           0.0073716,           0.0043336,           0.0037418,             0.00076,             0.00076,             0.00076
                 282,            0.013685,             0.01117,           0.0063021,             0.97081,             0.99285,             0.99487,             0.96881,           0.0073979,           0.0041038,            0.003779,            0.000727,            0.000727,            0.000727
                 283,            0.012457,            0.011017,           0.0062995,             0.97046,             0.99234,              0.9949,              0.9707,           0.0074326,           0.0037966,           0.0037522,            0.000694,            0.000694,            0.000694
                 284,            0.013826,            0.010539,           0.0055747,             0.97387,             0.99052,             0.99486,             0.97224,           0.0074701,           0.0036959,            0.003794,            0.000661,            0.000661,            0.000661
                 285,            0.012549,            0.010593,           0.0053041,             0.97696,             0.99162,             0.99486,             0.97454,           0.0075229,           0.0036002,           0.0038027,            0.000628,            0.000628,            0.000628
                 286,            0.013132,            0.011386,             0.00538,             0.97426,              0.9915,             0.99486,             0.97628,           0.0074346,           0.0035174,           0.0038358,            0.000595,            0.000595,            0.000595
                 287,            0.013028,            0.011597,            0.005675,             0.97922,             0.98505,             0.99485,             0.97647,           0.0074199,            0.003428,           0.0038135,            0.000562,            0.000562,            0.000562
                 288,            0.014269,            0.011834,           0.0071863,             0.98244,             0.98734,             0.99486,             0.97569,           0.0072953,           0.0032486,           0.0037468,            0.000529,            0.000529,            0.000529
                 289,            0.012648,            0.011329,           0.0054295,             0.98277,             0.99548,             0.99491,             0.97774,           0.0072921,           0.0032249,           0.0037103,            0.000496,            0.000496,            0.000496
                 290,            0.012501,            0.010688,           0.0055587,             0.98561,             0.99442,             0.99497,              0.9778,           0.0073009,           0.0033045,           0.0037144,            0.000463,            0.000463,            0.000463
                 291,            0.012779,            0.010736,           0.0057545,             0.98578,             0.99157,             0.99498,             0.98079,           0.0073787,           0.0031707,           0.0037476,             0.00043,             0.00043,             0.00043
                 292,             0.01308,            0.010317,           0.0058219,             0.98302,             0.99323,             0.99495,             0.97889,           0.0074082,            0.003101,           0.0037738,            0.000397,            0.000397,            0.000397
                 293,            0.011739,            0.011445,           0.0053951,             0.98219,             0.99184,             0.99494,             0.97676,           0.0073586,           0.0031965,           0.0038037,            0.000364,            0.000364,            0.000364
                 294,            0.013104,             0.01142,           0.0059698,             0.98216,             0.99169,             0.99495,             0.97777,           0.0072702,           0.0031916,           0.0037693,            0.000331,            0.000331,            0.000331
                 295,            0.011983,            0.010389,           0.0055565,              0.9828,             0.98822,             0.99498,             0.97861,           0.0073479,           0.0032697,           0.0037197,            0.000298,            0.000298,            0.000298
                 296,            0.013045,            0.010348,           0.0063812,             0.98288,             0.99022,             0.99497,              0.9766,           0.0074977,           0.0035546,           0.0036879,            0.000265,            0.000265,            0.000265
                 297,            0.012351,            0.011842,           0.0057449,             0.98241,             0.99215,             0.99497,             0.97527,           0.0074191,           0.0038237,           0.0036623,            0.000232,            0.000232,            0.000232
                 298,            0.012126,            0.010209,           0.0061654,             0.98268,             0.99231,             0.99495,             0.97749,           0.0074085,           0.0038477,           0.0036452,            0.000199,            0.000199,            0.000199
                 299,            0.013678,            0.011672,           0.0074085,             0.98254,             0.98981,             0.99495,             0.97741,           0.0072933,            0.003824,           0.0036315,            0.000166,            0.000166,            0.000166
